A Column,B Column,C Column,D Column
This is an arbitrary column,So is this one,1,01/22/2025
This is an arbitrary column,So is this one,2,01/23/2025
This is an arbitrary column,So is this one,3,01/24/2025
This is an arbitrary column,So is this one,4,01/25/2025
This is an arbitrary column,So is this one,5,01/26/2025
This is an arbitrary column,So is this one,6,01/27/2025
This is an arbitrary column,So is this one,7,01/28/2025
This is an arbitrary column,So is this one,8,01/29/2025
This is an arbitrary column,So is this one,9,01/30/2025
